image_name,label,path,train
n07720875_1.JPEG,bell pepper,images/bell pepper/n07720875_1.JPEG,True
n07720875_10.JPEG,bell pepper,images/bell pepper/n07720875_10.JPEG,True
n07720875_101.JPEG,bell pepper,images/bell pepper/n07720875_101.JPEG,True
n07720875_104.JPEG,bell pepper,images/bell pepper/n07720875_104.JPEG,True
n07720875_105.JPEG,bell pepper,images/bell pepper/n07720875_105.JPEG,True
n07720875_107.JPEG,bell pepper,images/bell pepper/n07720875_107.JPEG,True
n07720875_108.JPEG,bell pepper,images/bell pepper/n07720875_108.JPEG,True
n07720875_11.JPEG,bell pepper,images/bell pepper/n07720875_11.JPEG,True
n07720875_110.JPEG,bell pepper,images/bell pepper/n07720875_110.JPEG,True
n07720875_115.JPEG,bell pepper,images/bell pepper/n07720875_115.JPEG,True
n07720875_117.JPEG,bell pepper,images/bell pepper/n07720875_117.JPEG,True
n07720875_118.JPEG,bell pepper,images/bell pepper/n07720875_118.JPEG,True
n07720875_119.JPEG,bell pepper,images/bell pepper/n07720875_119.JPEG,True
n07720875_12.JPEG,bell pepper,images/bell pepper/n07720875_12.JPEG,True
n07720875_120.JPEG,bell pepper,images/bell pepper/n07720875_120.JPEG,True
n07720875_122.JPEG,bell pepper,images/bell pepper/n07720875_122.JPEG,True
n07720875_123.JPEG,bell pepper,images/bell pepper/n07720875_123.JPEG,True
n07720875_124.JPEG,bell pepper,images/bell pepper/n07720875_124.JPEG,True
n07720875_126.JPEG,bell pepper,images/bell pepper/n07720875_126.JPEG,True
n07720875_127.JPEG,bell pepper,images/bell pepper/n07720875_127.JPEG,True
n07720875_128.JPEG,bell pepper,images/bell pepper/n07720875_128.JPEG,True
n07720875_130.JPEG,bell pepper,images/bell pepper/n07720875_130.JPEG,True
n07720875_131.JPEG,bell pepper,images/bell pepper/n07720875_131.JPEG,True
n07720875_132.JPEG,bell pepper,images/bell pepper/n07720875_132.JPEG,True
n07720875_133.JPEG,bell pepper,images/bell pepper/n07720875_133.JPEG,True
n07720875_134.JPEG,bell pepper,images/bell pepper/n07720875_134.JPEG,True
n07720875_135.JPEG,bell pepper,images/bell pepper/n07720875_135.JPEG,True
n07720875_137.JPEG,bell pepper,images/bell pepper/n07720875_137.JPEG,True
n07720875_138.JPEG,bell pepper,images/bell pepper/n07720875_138.JPEG,True
n07720875_14.JPEG,bell pepper,images/bell pepper/n07720875_14.JPEG,True
n07720875_140.JPEG,bell pepper,images/bell pepper/n07720875_140.JPEG,True
n07720875_142.JPEG,bell pepper,images/bell pepper/n07720875_142.JPEG,True
n07720875_143.JPEG,bell pepper,images/bell pepper/n07720875_143.JPEG,True
n07720875_145.JPEG,bell pepper,images/bell pepper/n07720875_145.JPEG,True
n07720875_146.JPEG,bell pepper,images/bell pepper/n07720875_146.JPEG,True
n07720875_147.JPEG,bell pepper,images/bell pepper/n07720875_147.JPEG,True
n07720875_148.JPEG,bell pepper,images/bell pepper/n07720875_148.JPEG,True
n07720875_149.JPEG,bell pepper,images/bell pepper/n07720875_149.JPEG,True
n07720875_150.JPEG,bell pepper,images/bell pepper/n07720875_150.JPEG,True
n07720875_151.JPEG,bell pepper,images/bell pepper/n07720875_151.JPEG,True
n07720875_152.JPEG,bell pepper,images/bell pepper/n07720875_152.JPEG,True
n07720875_153.JPEG,bell pepper,images/bell pepper/n07720875_153.JPEG,True
n07720875_154.JPEG,bell pepper,images/bell pepper/n07720875_154.JPEG,True
n07720875_155.JPEG,bell pepper,images/bell pepper/n07720875_155.JPEG,True
n07720875_156.JPEG,bell pepper,images/bell pepper/n07720875_156.JPEG,True
n07720875_158.JPEG,bell pepper,images/bell pepper/n07720875_158.JPEG,True
n07720875_16.JPEG,bell pepper,images/bell pepper/n07720875_16.JPEG,True
n07720875_160.JPEG,bell pepper,images/bell pepper/n07720875_160.JPEG,True
n07720875_161.JPEG,bell pepper,images/bell pepper/n07720875_161.JPEG,True
n07720875_163.JPEG,bell pepper,images/bell pepper/n07720875_163.JPEG,True
n07720875_165.JPEG,bell pepper,images/bell pepper/n07720875_165.JPEG,True
n07720875_166.JPEG,bell pepper,images/bell pepper/n07720875_166.JPEG,True
n07720875_169.JPEG,bell pepper,images/bell pepper/n07720875_169.JPEG,True
n07720875_170.JPEG,bell pepper,images/bell pepper/n07720875_170.JPEG,True
n07720875_172.JPEG,bell pepper,images/bell pepper/n07720875_172.JPEG,True
n07720875_174.JPEG,bell pepper,images/bell pepper/n07720875_174.JPEG,True
n07720875_175.JPEG,bell pepper,images/bell pepper/n07720875_175.JPEG,True
n07720875_176.JPEG,bell pepper,images/bell pepper/n07720875_176.JPEG,True
n07720875_177.JPEG,bell pepper,images/bell pepper/n07720875_177.JPEG,True
n07720875_178.JPEG,bell pepper,images/bell pepper/n07720875_178.JPEG,True
n07720875_179.JPEG,bell pepper,images/bell pepper/n07720875_179.JPEG,True
n07720875_18.JPEG,bell pepper,images/bell pepper/n07720875_18.JPEG,True
n07720875_180.JPEG,bell pepper,images/bell pepper/n07720875_180.JPEG,True
n07720875_181.JPEG,bell pepper,images/bell pepper/n07720875_181.JPEG,True
n07720875_182.JPEG,bell pepper,images/bell pepper/n07720875_182.JPEG,True
n07720875_183.JPEG,bell pepper,images/bell pepper/n07720875_183.JPEG,True
n07720875_185.JPEG,bell pepper,images/bell pepper/n07720875_185.JPEG,True
n07720875_186.JPEG,bell pepper,images/bell pepper/n07720875_186.JPEG,True
n07720875_187.JPEG,bell pepper,images/bell pepper/n07720875_187.JPEG,True
n07720875_188.JPEG,bell pepper,images/bell pepper/n07720875_188.JPEG,True
n02132136_0.JPEG,brown bear,images/brown bear/n02132136_0.JPEG,True
n02132136_1.JPEG,brown bear,images/brown bear/n02132136_1.JPEG,True
n02132136_10.JPEG,brown bear,images/brown bear/n02132136_10.JPEG,True
n02132136_100.JPEG,brown bear,images/brown bear/n02132136_100.JPEG,True
n02132136_105.JPEG,brown bear,images/brown bear/n02132136_105.JPEG,True
n02132136_106.JPEG,brown bear,images/brown bear/n02132136_106.JPEG,True
n02132136_108.JPEG,brown bear,images/brown bear/n02132136_108.JPEG,True
n02132136_109.JPEG,brown bear,images/brown bear/n02132136_109.JPEG,True
n02132136_110.JPEG,brown bear,images/brown bear/n02132136_110.JPEG,True
n02132136_111.JPEG,brown bear,images/brown bear/n02132136_111.JPEG,True
n02132136_114.JPEG,brown bear,images/brown bear/n02132136_114.JPEG,True
n02132136_115.JPEG,brown bear,images/brown bear/n02132136_115.JPEG,True
n02132136_116.JPEG,brown bear,images/brown bear/n02132136_116.JPEG,True
n02132136_118.JPEG,brown bear,images/brown bear/n02132136_118.JPEG,True
n02132136_119.JPEG,brown bear,images/brown bear/n02132136_119.JPEG,True
n02132136_12.JPEG,brown bear,images/brown bear/n02132136_12.JPEG,True
n02132136_120.JPEG,brown bear,images/brown bear/n02132136_120.JPEG,True
n02132136_121.JPEG,brown bear,images/brown bear/n02132136_121.JPEG,True
n02132136_123.JPEG,brown bear,images/brown bear/n02132136_123.JPEG,True
n02132136_125.JPEG,brown bear,images/brown bear/n02132136_125.JPEG,True
n02132136_127.JPEG,brown bear,images/brown bear/n02132136_127.JPEG,True
n02132136_129.JPEG,brown bear,images/brown bear/n02132136_129.JPEG,True
n02132136_13.JPEG,brown bear,images/brown bear/n02132136_13.JPEG,True
n02132136_132.JPEG,brown bear,images/brown bear/n02132136_132.JPEG,True
n02132136_134.JPEG,brown bear,images/brown bear/n02132136_134.JPEG,True
n02132136_135.JPEG,brown bear,images/brown bear/n02132136_135.JPEG,True
n02132136_137.JPEG,brown bear,images/brown bear/n02132136_137.JPEG,True
n02132136_139.JPEG,brown bear,images/brown bear/n02132136_139.JPEG,True
n02132136_14.JPEG,brown bear,images/brown bear/n02132136_14.JPEG,True
n02132136_140.JPEG,brown bear,images/brown bear/n02132136_140.JPEG,True
n02132136_141.JPEG,brown bear,images/brown bear/n02132136_141.JPEG,True
n02132136_144.JPEG,brown bear,images/brown bear/n02132136_144.JPEG,True
n02132136_146.JPEG,brown bear,images/brown bear/n02132136_146.JPEG,True
n02132136_148.JPEG,brown bear,images/brown bear/n02132136_148.JPEG,True
n02132136_15.JPEG,brown bear,images/brown bear/n02132136_15.JPEG,True
n02132136_150.JPEG,brown bear,images/brown bear/n02132136_150.JPEG,True
n02132136_151.JPEG,brown bear,images/brown bear/n02132136_151.JPEG,True
n02132136_152.JPEG,brown bear,images/brown bear/n02132136_152.JPEG,True
n02132136_153.JPEG,brown bear,images/brown bear/n02132136_153.JPEG,True
n02132136_155.JPEG,brown bear,images/brown bear/n02132136_155.JPEG,True
n02132136_156.JPEG,brown bear,images/brown bear/n02132136_156.JPEG,True
n02132136_157.JPEG,brown bear,images/brown bear/n02132136_157.JPEG,True
n02132136_158.JPEG,brown bear,images/brown bear/n02132136_158.JPEG,True
n02132136_16.JPEG,brown bear,images/brown bear/n02132136_16.JPEG,True
n02132136_160.JPEG,brown bear,images/brown bear/n02132136_160.JPEG,True
n02132136_161.JPEG,brown bear,images/brown bear/n02132136_161.JPEG,True
n02132136_162.JPEG,brown bear,images/brown bear/n02132136_162.JPEG,True
n02132136_163.JPEG,brown bear,images/brown bear/n02132136_163.JPEG,True
n02132136_164.JPEG,brown bear,images/brown bear/n02132136_164.JPEG,True
n02132136_165.JPEG,brown bear,images/brown bear/n02132136_165.JPEG,True
n02132136_169.JPEG,brown bear,images/brown bear/n02132136_169.JPEG,True
n02132136_17.JPEG,brown bear,images/brown bear/n02132136_17.JPEG,True
n02132136_170.JPEG,brown bear,images/brown bear/n02132136_170.JPEG,True
n02132136_171.JPEG,brown bear,images/brown bear/n02132136_171.JPEG,True
n02132136_172.JPEG,brown bear,images/brown bear/n02132136_172.JPEG,True
n02132136_174.JPEG,brown bear,images/brown bear/n02132136_174.JPEG,True
n02132136_175.JPEG,brown bear,images/brown bear/n02132136_175.JPEG,True
n02132136_176.JPEG,brown bear,images/brown bear/n02132136_176.JPEG,True
n02132136_177.JPEG,brown bear,images/brown bear/n02132136_177.JPEG,True
n02132136_178.JPEG,brown bear,images/brown bear/n02132136_178.JPEG,True
n02132136_179.JPEG,brown bear,images/brown bear/n02132136_179.JPEG,True
n02132136_18.JPEG,brown bear,images/brown bear/n02132136_18.JPEG,True
n02132136_180.JPEG,brown bear,images/brown bear/n02132136_180.JPEG,True
n02132136_181.JPEG,brown bear,images/brown bear/n02132136_181.JPEG,True
n02132136_182.JPEG,brown bear,images/brown bear/n02132136_182.JPEG,True
n02132136_184.JPEG,brown bear,images/brown bear/n02132136_184.JPEG,True
n02132136_185.JPEG,brown bear,images/brown bear/n02132136_185.JPEG,True
n02132136_186.JPEG,brown bear,images/brown bear/n02132136_186.JPEG,True
n02132136_187.JPEG,brown bear,images/brown bear/n02132136_187.JPEG,True
n02132136_188.JPEG,brown bear,images/brown bear/n02132136_188.JPEG,True
n02909870_0.JPEG,bucket,images/bucket/n02909870_0.JPEG,True
n02909870_1.JPEG,bucket,images/bucket/n02909870_1.JPEG,True
n02909870_10.JPEG,bucket,images/bucket/n02909870_10.JPEG,True
n02909870_100.JPEG,bucket,images/bucket/n02909870_100.JPEG,True
n02909870_103.JPEG,bucket,images/bucket/n02909870_103.JPEG,True
n02909870_107.JPEG,bucket,images/bucket/n02909870_107.JPEG,True
n02909870_108.JPEG,bucket,images/bucket/n02909870_108.JPEG,True
n02909870_109.JPEG,bucket,images/bucket/n02909870_109.JPEG,True
n02909870_11.JPEG,bucket,images/bucket/n02909870_11.JPEG,True
n02909870_110.JPEG,bucket,images/bucket/n02909870_110.JPEG,True
n02909870_111.JPEG,bucket,images/bucket/n02909870_111.JPEG,True
n02909870_112.JPEG,bucket,images/bucket/n02909870_112.JPEG,True
n02909870_113.JPEG,bucket,images/bucket/n02909870_113.JPEG,True
n02909870_117.JPEG,bucket,images/bucket/n02909870_117.JPEG,True
n02909870_118.JPEG,bucket,images/bucket/n02909870_118.JPEG,True
n02909870_119.JPEG,bucket,images/bucket/n02909870_119.JPEG,True
n02909870_12.JPEG,bucket,images/bucket/n02909870_12.JPEG,True
n02909870_121.JPEG,bucket,images/bucket/n02909870_121.JPEG,True
n02909870_122.JPEG,bucket,images/bucket/n02909870_122.JPEG,True
n02909870_123.JPEG,bucket,images/bucket/n02909870_123.JPEG,True
n02909870_124.JPEG,bucket,images/bucket/n02909870_124.JPEG,True
n02909870_125.JPEG,bucket,images/bucket/n02909870_125.JPEG,True
n02909870_126.JPEG,bucket,images/bucket/n02909870_126.JPEG,True
n02909870_127.JPEG,bucket,images/bucket/n02909870_127.JPEG,True
n02909870_129.JPEG,bucket,images/bucket/n02909870_129.JPEG,True
n02909870_13.JPEG,bucket,images/bucket/n02909870_13.JPEG,True
n02909870_131.JPEG,bucket,images/bucket/n02909870_131.JPEG,True
n02909870_133.JPEG,bucket,images/bucket/n02909870_133.JPEG,True
n02909870_134.JPEG,bucket,images/bucket/n02909870_134.JPEG,True
n02909870_135.JPEG,bucket,images/bucket/n02909870_135.JPEG,True
n02909870_136.JPEG,bucket,images/bucket/n02909870_136.JPEG,True
n02909870_137.JPEG,bucket,images/bucket/n02909870_137.JPEG,True
n02909870_138.JPEG,bucket,images/bucket/n02909870_138.JPEG,True
n02909870_139.JPEG,bucket,images/bucket/n02909870_139.JPEG,True
n02909870_14.JPEG,bucket,images/bucket/n02909870_14.JPEG,True
n02909870_141.JPEG,bucket,images/bucket/n02909870_141.JPEG,True
n02909870_143.JPEG,bucket,images/bucket/n02909870_143.JPEG,True
n02909870_144.JPEG,bucket,images/bucket/n02909870_144.JPEG,True
n02909870_145.JPEG,bucket,images/bucket/n02909870_145.JPEG,True
n02909870_148.JPEG,bucket,images/bucket/n02909870_148.JPEG,True
n02909870_15.JPEG,bucket,images/bucket/n02909870_15.JPEG,True
n02909870_151.JPEG,bucket,images/bucket/n02909870_151.JPEG,True
n02909870_152.JPEG,bucket,images/bucket/n02909870_152.JPEG,True
n02909870_153.JPEG,bucket,images/bucket/n02909870_153.JPEG,True
n02909870_154.JPEG,bucket,images/bucket/n02909870_154.JPEG,True
n02909870_156.JPEG,bucket,images/bucket/n02909870_156.JPEG,True
n02909870_158.JPEG,bucket,images/bucket/n02909870_158.JPEG,True
n02909870_16.JPEG,bucket,images/bucket/n02909870_16.JPEG,True
n02909870_161.JPEG,bucket,images/bucket/n02909870_161.JPEG,True
n02909870_162.JPEG,bucket,images/bucket/n02909870_162.JPEG,True
n02909870_163.JPEG,bucket,images/bucket/n02909870_163.JPEG,True
n02909870_165.JPEG,bucket,images/bucket/n02909870_165.JPEG,True
n02909870_166.JPEG,bucket,images/bucket/n02909870_166.JPEG,True
n02909870_167.JPEG,bucket,images/bucket/n02909870_167.JPEG,True
n02909870_168.JPEG,bucket,images/bucket/n02909870_168.JPEG,True
n02909870_170.JPEG,bucket,images/bucket/n02909870_170.JPEG,True
n02909870_171.JPEG,bucket,images/bucket/n02909870_171.JPEG,True
n02909870_175.JPEG,bucket,images/bucket/n02909870_175.JPEG,True
n02909870_176.JPEG,bucket,images/bucket/n02909870_176.JPEG,True
n02909870_177.JPEG,bucket,images/bucket/n02909870_177.JPEG,True
n02909870_178.JPEG,bucket,images/bucket/n02909870_178.JPEG,True
n02909870_179.JPEG,bucket,images/bucket/n02909870_179.JPEG,True
n02909870_18.JPEG,bucket,images/bucket/n02909870_18.JPEG,True
n02909870_180.JPEG,bucket,images/bucket/n02909870_180.JPEG,True
n02909870_181.JPEG,bucket,images/bucket/n02909870_181.JPEG,True
n02909870_182.JPEG,bucket,images/bucket/n02909870_182.JPEG,True
n02909870_184.JPEG,bucket,images/bucket/n02909870_184.JPEG,True
n02909870_185.JPEG,bucket,images/bucket/n02909870_185.JPEG,True
n02909870_186.JPEG,bucket,images/bucket/n02909870_186.JPEG,True
n02909870_187.JPEG,bucket,images/bucket/n02909870_187.JPEG,True
n01641577_0.JPEG,bullfrog,images/bullfrog/n01641577_0.JPEG,True
n01641577_1.JPEG,bullfrog,images/bullfrog/n01641577_1.JPEG,True
n01641577_100.JPEG,bullfrog,images/bullfrog/n01641577_100.JPEG,True
n01641577_102.JPEG,bullfrog,images/bullfrog/n01641577_102.JPEG,True
n01641577_103.JPEG,bullfrog,images/bullfrog/n01641577_103.JPEG,True
n01641577_104.JPEG,bullfrog,images/bullfrog/n01641577_104.JPEG,True
n01641577_106.JPEG,bullfrog,images/bullfrog/n01641577_106.JPEG,True
n01641577_107.JPEG,bullfrog,images/bullfrog/n01641577_107.JPEG,True
n01641577_108.JPEG,bullfrog,images/bullfrog/n01641577_108.JPEG,True
n01641577_109.JPEG,bullfrog,images/bullfrog/n01641577_109.JPEG,True
n01641577_11.JPEG,bullfrog,images/bullfrog/n01641577_11.JPEG,True
n01641577_112.JPEG,bullfrog,images/bullfrog/n01641577_112.JPEG,True
n01641577_113.JPEG,bullfrog,images/bullfrog/n01641577_113.JPEG,True
n01641577_115.JPEG,bullfrog,images/bullfrog/n01641577_115.JPEG,True
n01641577_116.JPEG,bullfrog,images/bullfrog/n01641577_116.JPEG,True
n01641577_117.JPEG,bullfrog,images/bullfrog/n01641577_117.JPEG,True
n01641577_118.JPEG,bullfrog,images/bullfrog/n01641577_118.JPEG,True
n01641577_119.JPEG,bullfrog,images/bullfrog/n01641577_119.JPEG,True
n01641577_12.JPEG,bullfrog,images/bullfrog/n01641577_12.JPEG,True
n01641577_120.JPEG,bullfrog,images/bullfrog/n01641577_120.JPEG,True
n01641577_121.JPEG,bullfrog,images/bullfrog/n01641577_121.JPEG,True
n01641577_122.JPEG,bullfrog,images/bullfrog/n01641577_122.JPEG,True
n01641577_123.JPEG,bullfrog,images/bullfrog/n01641577_123.JPEG,True
n01641577_125.JPEG,bullfrog,images/bullfrog/n01641577_125.JPEG,True
n01641577_126.JPEG,bullfrog,images/bullfrog/n01641577_126.JPEG,True
n01641577_127.JPEG,bullfrog,images/bullfrog/n01641577_127.JPEG,True
n01641577_129.JPEG,bullfrog,images/bullfrog/n01641577_129.JPEG,True
n01641577_13.JPEG,bullfrog,images/bullfrog/n01641577_13.JPEG,True
n01641577_130.JPEG,bullfrog,images/bullfrog/n01641577_130.JPEG,True
n01641577_132.JPEG,bullfrog,images/bullfrog/n01641577_132.JPEG,True
n01641577_133.JPEG,bullfrog,images/bullfrog/n01641577_133.JPEG,True
n01641577_134.JPEG,bullfrog,images/bullfrog/n01641577_134.JPEG,True
n01641577_136.JPEG,bullfrog,images/bullfrog/n01641577_136.JPEG,True
n01641577_137.JPEG,bullfrog,images/bullfrog/n01641577_137.JPEG,True
n01641577_139.JPEG,bullfrog,images/bullfrog/n01641577_139.JPEG,True
n01641577_14.JPEG,bullfrog,images/bullfrog/n01641577_14.JPEG,True
n01641577_141.JPEG,bullfrog,images/bullfrog/n01641577_141.JPEG,True
n01641577_142.JPEG,bullfrog,images/bullfrog/n01641577_142.JPEG,True
n01641577_143.JPEG,bullfrog,images/bullfrog/n01641577_143.JPEG,True
n01641577_145.JPEG,bullfrog,images/bullfrog/n01641577_145.JPEG,True
n01641577_147.JPEG,bullfrog,images/bullfrog/n01641577_147.JPEG,True
n01641577_149.JPEG,bullfrog,images/bullfrog/n01641577_149.JPEG,True
n01641577_15.JPEG,bullfrog,images/bullfrog/n01641577_15.JPEG,True
n01641577_150.JPEG,bullfrog,images/bullfrog/n01641577_150.JPEG,True
n01641577_151.JPEG,bullfrog,images/bullfrog/n01641577_151.JPEG,True
n01641577_152.JPEG,bullfrog,images/bullfrog/n01641577_152.JPEG,True
n01641577_154.JPEG,bullfrog,images/bullfrog/n01641577_154.JPEG,True
n01641577_156.JPEG,bullfrog,images/bullfrog/n01641577_156.JPEG,True
n01641577_158.JPEG,bullfrog,images/bullfrog/n01641577_158.JPEG,True
n01641577_159.JPEG,bullfrog,images/bullfrog/n01641577_159.JPEG,True
n01641577_16.JPEG,bullfrog,images/bullfrog/n01641577_16.JPEG,True
n01641577_161.JPEG,bullfrog,images/bullfrog/n01641577_161.JPEG,True
n01641577_162.JPEG,bullfrog,images/bullfrog/n01641577_162.JPEG,True
n01641577_163.JPEG,bullfrog,images/bullfrog/n01641577_163.JPEG,True
n01641577_165.JPEG,bullfrog,images/bullfrog/n01641577_165.JPEG,True
n01641577_169.JPEG,bullfrog,images/bullfrog/n01641577_169.JPEG,True
n01641577_17.JPEG,bullfrog,images/bullfrog/n01641577_17.JPEG,True
n01641577_172.JPEG,bullfrog,images/bullfrog/n01641577_172.JPEG,True
n01641577_177.JPEG,bullfrog,images/bullfrog/n01641577_177.JPEG,True
n01641577_178.JPEG,bullfrog,images/bullfrog/n01641577_178.JPEG,True
n01641577_179.JPEG,bullfrog,images/bullfrog/n01641577_179.JPEG,True
n01641577_18.JPEG,bullfrog,images/bullfrog/n01641577_18.JPEG,True
n01641577_180.JPEG,bullfrog,images/bullfrog/n01641577_180.JPEG,True
n01641577_182.JPEG,bullfrog,images/bullfrog/n01641577_182.JPEG,True
n01641577_183.JPEG,bullfrog,images/bullfrog/n01641577_183.JPEG,True
n01641577_184.JPEG,bullfrog,images/bullfrog/n01641577_184.JPEG,True
n01641577_185.JPEG,bullfrog,images/bullfrog/n01641577_185.JPEG,True
n01641577_186.JPEG,bullfrog,images/bullfrog/n01641577_186.JPEG,True
n01641577_187.JPEG,bullfrog,images/bullfrog/n01641577_187.JPEG,True
n01641577_188.JPEG,bullfrog,images/bullfrog/n01641577_188.JPEG,True
n07920052_1.JPEG,espresso,images/espresso/n07920052_1.JPEG,True
n07920052_10.JPEG,espresso,images/espresso/n07920052_10.JPEG,True
n07920052_101.JPEG,espresso,images/espresso/n07920052_101.JPEG,True
n07920052_102.JPEG,espresso,images/espresso/n07920052_102.JPEG,True
n07920052_103.JPEG,espresso,images/espresso/n07920052_103.JPEG,True
n07920052_106.JPEG,espresso,images/espresso/n07920052_106.JPEG,True
n07920052_108.JPEG,espresso,images/espresso/n07920052_108.JPEG,True
n07920052_109.JPEG,espresso,images/espresso/n07920052_109.JPEG,True
n07920052_11.JPEG,espresso,images/espresso/n07920052_11.JPEG,True
n07920052_112.JPEG,espresso,images/espresso/n07920052_112.JPEG,True
n07920052_113.JPEG,espresso,images/espresso/n07920052_113.JPEG,True
n07920052_114.JPEG,espresso,images/espresso/n07920052_114.JPEG,True
n07920052_117.JPEG,espresso,images/espresso/n07920052_117.JPEG,True
n07920052_118.JPEG,espresso,images/espresso/n07920052_118.JPEG,True
n07920052_12.JPEG,espresso,images/espresso/n07920052_12.JPEG,True
n07920052_120.JPEG,espresso,images/espresso/n07920052_120.JPEG,True
n07920052_122.JPEG,espresso,images/espresso/n07920052_122.JPEG,True
n07920052_123.JPEG,espresso,images/espresso/n07920052_123.JPEG,True
n07920052_124.JPEG,espresso,images/espresso/n07920052_124.JPEG,True
n07920052_126.JPEG,espresso,images/espresso/n07920052_126.JPEG,True
n07920052_127.JPEG,espresso,images/espresso/n07920052_127.JPEG,True
n07920052_13.JPEG,espresso,images/espresso/n07920052_13.JPEG,True
n07920052_131.JPEG,espresso,images/espresso/n07920052_131.JPEG,True
n07920052_132.JPEG,espresso,images/espresso/n07920052_132.JPEG,True
n07920052_134.JPEG,espresso,images/espresso/n07920052_134.JPEG,True
n07920052_136.JPEG,espresso,images/espresso/n07920052_136.JPEG,True
n07920052_137.JPEG,espresso,images/espresso/n07920052_137.JPEG,True
n07920052_14.JPEG,espresso,images/espresso/n07920052_14.JPEG,True
n07920052_141.JPEG,espresso,images/espresso/n07920052_141.JPEG,True
n07920052_142.JPEG,espresso,images/espresso/n07920052_142.JPEG,True
n07920052_143.JPEG,espresso,images/espresso/n07920052_143.JPEG,True
n07920052_144.JPEG,espresso,images/espresso/n07920052_144.JPEG,True
n07920052_146.JPEG,espresso,images/espresso/n07920052_146.JPEG,True
n07920052_147.JPEG,espresso,images/espresso/n07920052_147.JPEG,True
n07920052_148.JPEG,espresso,images/espresso/n07920052_148.JPEG,True
n07920052_149.JPEG,espresso,images/espresso/n07920052_149.JPEG,True
n07920052_15.JPEG,espresso,images/espresso/n07920052_15.JPEG,True
n07920052_150.JPEG,espresso,images/espresso/n07920052_150.JPEG,True
n07920052_151.JPEG,espresso,images/espresso/n07920052_151.JPEG,True
n07920052_154.JPEG,espresso,images/espresso/n07920052_154.JPEG,True
n07920052_157.JPEG,espresso,images/espresso/n07920052_157.JPEG,True
n07920052_158.JPEG,espresso,images/espresso/n07920052_158.JPEG,True
n07920052_159.JPEG,espresso,images/espresso/n07920052_159.JPEG,True
n07920052_16.JPEG,espresso,images/espresso/n07920052_16.JPEG,True
n07920052_160.JPEG,espresso,images/espresso/n07920052_160.JPEG,True
n07920052_162.JPEG,espresso,images/espresso/n07920052_162.JPEG,True
n07920052_163.JPEG,espresso,images/espresso/n07920052_163.JPEG,True
n07920052_164.JPEG,espresso,images/espresso/n07920052_164.JPEG,True
n07920052_165.JPEG,espresso,images/espresso/n07920052_165.JPEG,True
n07920052_166.JPEG,espresso,images/espresso/n07920052_166.JPEG,True
n07920052_168.JPEG,espresso,images/espresso/n07920052_168.JPEG,True
n07920052_169.JPEG,espresso,images/espresso/n07920052_169.JPEG,True
n07920052_17.JPEG,espresso,images/espresso/n07920052_17.JPEG,True
n07920052_170.JPEG,espresso,images/espresso/n07920052_170.JPEG,True
n07920052_171.JPEG,espresso,images/espresso/n07920052_171.JPEG,True
n07920052_172.JPEG,espresso,images/espresso/n07920052_172.JPEG,True
n07920052_173.JPEG,espresso,images/espresso/n07920052_173.JPEG,True
n07920052_174.JPEG,espresso,images/espresso/n07920052_174.JPEG,True
n07920052_175.JPEG,espresso,images/espresso/n07920052_175.JPEG,True
n07920052_176.JPEG,espresso,images/espresso/n07920052_176.JPEG,True
n07920052_177.JPEG,espresso,images/espresso/n07920052_177.JPEG,True
n07920052_178.JPEG,espresso,images/espresso/n07920052_178.JPEG,True
n07920052_179.JPEG,espresso,images/espresso/n07920052_179.JPEG,True
n07920052_18.JPEG,espresso,images/espresso/n07920052_18.JPEG,True
n07920052_180.JPEG,espresso,images/espresso/n07920052_180.JPEG,True
n07920052_181.JPEG,espresso,images/espresso/n07920052_181.JPEG,True
n07920052_182.JPEG,espresso,images/espresso/n07920052_182.JPEG,True
n07920052_186.JPEG,espresso,images/espresso/n07920052_186.JPEG,True
n07920052_187.JPEG,espresso,images/espresso/n07920052_187.JPEG,True
n07920052_188.JPEG,espresso,images/espresso/n07920052_188.JPEG,True
n07749582_0.JPEG,lemon,images/lemon/n07749582_0.JPEG,True
n07749582_1.JPEG,lemon,images/lemon/n07749582_1.JPEG,True
n07749582_100.JPEG,lemon,images/lemon/n07749582_100.JPEG,True
n07749582_102.JPEG,lemon,images/lemon/n07749582_102.JPEG,True
n07749582_103.JPEG,lemon,images/lemon/n07749582_103.JPEG,True
n07749582_104.JPEG,lemon,images/lemon/n07749582_104.JPEG,True
n07749582_106.JPEG,lemon,images/lemon/n07749582_106.JPEG,True
n07749582_107.JPEG,lemon,images/lemon/n07749582_107.JPEG,True
n07749582_109.JPEG,lemon,images/lemon/n07749582_109.JPEG,True
n07749582_110.JPEG,lemon,images/lemon/n07749582_110.JPEG,True
n07749582_112.JPEG,lemon,images/lemon/n07749582_112.JPEG,True
n07749582_113.JPEG,lemon,images/lemon/n07749582_113.JPEG,True
n07749582_114.JPEG,lemon,images/lemon/n07749582_114.JPEG,True
n07749582_115.JPEG,lemon,images/lemon/n07749582_115.JPEG,True
n07749582_116.JPEG,lemon,images/lemon/n07749582_116.JPEG,True
n07749582_117.JPEG,lemon,images/lemon/n07749582_117.JPEG,True
n07749582_118.JPEG,lemon,images/lemon/n07749582_118.JPEG,True
n07749582_12.JPEG,lemon,images/lemon/n07749582_12.JPEG,True
n07749582_122.JPEG,lemon,images/lemon/n07749582_122.JPEG,True
n07749582_123.JPEG,lemon,images/lemon/n07749582_123.JPEG,True
n07749582_124.JPEG,lemon,images/lemon/n07749582_124.JPEG,True
n07749582_126.JPEG,lemon,images/lemon/n07749582_126.JPEG,True
n07749582_127.JPEG,lemon,images/lemon/n07749582_127.JPEG,True
n07749582_129.JPEG,lemon,images/lemon/n07749582_129.JPEG,True
n07749582_13.JPEG,lemon,images/lemon/n07749582_13.JPEG,True
n07749582_130.JPEG,lemon,images/lemon/n07749582_130.JPEG,True
n07749582_131.JPEG,lemon,images/lemon/n07749582_131.JPEG,True
n07749582_132.JPEG,lemon,images/lemon/n07749582_132.JPEG,True
n07749582_133.JPEG,lemon,images/lemon/n07749582_133.JPEG,True
n07749582_136.JPEG,lemon,images/lemon/n07749582_136.JPEG,True
n07749582_137.JPEG,lemon,images/lemon/n07749582_137.JPEG,True
n07749582_138.JPEG,lemon,images/lemon/n07749582_138.JPEG,True
n07749582_139.JPEG,lemon,images/lemon/n07749582_139.JPEG,True
n07749582_140.JPEG,lemon,images/lemon/n07749582_140.JPEG,True
n07749582_141.JPEG,lemon,images/lemon/n07749582_141.JPEG,True
n07749582_142.JPEG,lemon,images/lemon/n07749582_142.JPEG,True
n07749582_143.JPEG,lemon,images/lemon/n07749582_143.JPEG,True
n07749582_144.JPEG,lemon,images/lemon/n07749582_144.JPEG,True
n07749582_145.JPEG,lemon,images/lemon/n07749582_145.JPEG,True
n07749582_146.JPEG,lemon,images/lemon/n07749582_146.JPEG,True
n07749582_148.JPEG,lemon,images/lemon/n07749582_148.JPEG,True
n07749582_149.JPEG,lemon,images/lemon/n07749582_149.JPEG,True
n07749582_15.JPEG,lemon,images/lemon/n07749582_15.JPEG,True
n07749582_151.JPEG,lemon,images/lemon/n07749582_151.JPEG,True
n07749582_153.JPEG,lemon,images/lemon/n07749582_153.JPEG,True
n07749582_155.JPEG,lemon,images/lemon/n07749582_155.JPEG,True
n07749582_156.JPEG,lemon,images/lemon/n07749582_156.JPEG,True
n07749582_158.JPEG,lemon,images/lemon/n07749582_158.JPEG,True
n07749582_159.JPEG,lemon,images/lemon/n07749582_159.JPEG,True
n07749582_160.JPEG,lemon,images/lemon/n07749582_160.JPEG,True
n07749582_162.JPEG,lemon,images/lemon/n07749582_162.JPEG,True
n07749582_163.JPEG,lemon,images/lemon/n07749582_163.JPEG,True
n07749582_164.JPEG,lemon,images/lemon/n07749582_164.JPEG,True
n07749582_165.JPEG,lemon,images/lemon/n07749582_165.JPEG,True
n07749582_166.JPEG,lemon,images/lemon/n07749582_166.JPEG,True
n07749582_167.JPEG,lemon,images/lemon/n07749582_167.JPEG,True
n07749582_171.JPEG,lemon,images/lemon/n07749582_171.JPEG,True
n07749582_172.JPEG,lemon,images/lemon/n07749582_172.JPEG,True
n07749582_173.JPEG,lemon,images/lemon/n07749582_173.JPEG,True
n07749582_174.JPEG,lemon,images/lemon/n07749582_174.JPEG,True
n07749582_176.JPEG,lemon,images/lemon/n07749582_176.JPEG,True
n07749582_177.JPEG,lemon,images/lemon/n07749582_177.JPEG,True
n07749582_178.JPEG,lemon,images/lemon/n07749582_178.JPEG,True
n07749582_179.JPEG,lemon,images/lemon/n07749582_179.JPEG,True
n07749582_180.JPEG,lemon,images/lemon/n07749582_180.JPEG,True
n07749582_181.JPEG,lemon,images/lemon/n07749582_181.JPEG,True
n07749582_182.JPEG,lemon,images/lemon/n07749582_182.JPEG,True
n07749582_184.JPEG,lemon,images/lemon/n07749582_184.JPEG,True
n07749582_187.JPEG,lemon,images/lemon/n07749582_187.JPEG,True
n07749582_188.JPEG,lemon,images/lemon/n07749582_188.JPEG,True
n04146614_0.JPEG,school bus,images/school bus/n04146614_0.JPEG,True
n04146614_1.JPEG,school bus,images/school bus/n04146614_1.JPEG,True
n04146614_10.JPEG,school bus,images/school bus/n04146614_10.JPEG,True
n04146614_100.JPEG,school bus,images/school bus/n04146614_100.JPEG,True
n04146614_102.JPEG,school bus,images/school bus/n04146614_102.JPEG,True
n04146614_103.JPEG,school bus,images/school bus/n04146614_103.JPEG,True
n04146614_104.JPEG,school bus,images/school bus/n04146614_104.JPEG,True
n04146614_106.JPEG,school bus,images/school bus/n04146614_106.JPEG,True
n04146614_107.JPEG,school bus,images/school bus/n04146614_107.JPEG,True
n04146614_109.JPEG,school bus,images/school bus/n04146614_109.JPEG,True
n04146614_11.JPEG,school bus,images/school bus/n04146614_11.JPEG,True
n04146614_111.JPEG,school bus,images/school bus/n04146614_111.JPEG,True
n04146614_112.JPEG,school bus,images/school bus/n04146614_112.JPEG,True
n04146614_113.JPEG,school bus,images/school bus/n04146614_113.JPEG,True
n04146614_114.JPEG,school bus,images/school bus/n04146614_114.JPEG,True
n04146614_117.JPEG,school bus,images/school bus/n04146614_117.JPEG,True
n04146614_118.JPEG,school bus,images/school bus/n04146614_118.JPEG,True
n04146614_119.JPEG,school bus,images/school bus/n04146614_119.JPEG,True
n04146614_12.JPEG,school bus,images/school bus/n04146614_12.JPEG,True
n04146614_120.JPEG,school bus,images/school bus/n04146614_120.JPEG,True
n04146614_121.JPEG,school bus,images/school bus/n04146614_121.JPEG,True
n04146614_122.JPEG,school bus,images/school bus/n04146614_122.JPEG,True
n04146614_124.JPEG,school bus,images/school bus/n04146614_124.JPEG,True
n04146614_125.JPEG,school bus,images/school bus/n04146614_125.JPEG,True
n04146614_127.JPEG,school bus,images/school bus/n04146614_127.JPEG,True
n04146614_129.JPEG,school bus,images/school bus/n04146614_129.JPEG,True
n04146614_13.JPEG,school bus,images/school bus/n04146614_13.JPEG,True
n04146614_133.JPEG,school bus,images/school bus/n04146614_133.JPEG,True
n04146614_134.JPEG,school bus,images/school bus/n04146614_134.JPEG,True
n04146614_135.JPEG,school bus,images/school bus/n04146614_135.JPEG,True
n04146614_136.JPEG,school bus,images/school bus/n04146614_136.JPEG,True
n04146614_137.JPEG,school bus,images/school bus/n04146614_137.JPEG,True
n04146614_138.JPEG,school bus,images/school bus/n04146614_138.JPEG,True
n04146614_139.JPEG,school bus,images/school bus/n04146614_139.JPEG,True
n04146614_14.JPEG,school bus,images/school bus/n04146614_14.JPEG,True
n04146614_140.JPEG,school bus,images/school bus/n04146614_140.JPEG,True
n04146614_142.JPEG,school bus,images/school bus/n04146614_142.JPEG,True
n04146614_144.JPEG,school bus,images/school bus/n04146614_144.JPEG,True
n04146614_146.JPEG,school bus,images/school bus/n04146614_146.JPEG,True
n04146614_149.JPEG,school bus,images/school bus/n04146614_149.JPEG,True
n04146614_15.JPEG,school bus,images/school bus/n04146614_15.JPEG,True
n04146614_150.JPEG,school bus,images/school bus/n04146614_150.JPEG,True
n04146614_151.JPEG,school bus,images/school bus/n04146614_151.JPEG,True
n04146614_152.JPEG,school bus,images/school bus/n04146614_152.JPEG,True
n04146614_153.JPEG,school bus,images/school bus/n04146614_153.JPEG,True
n04146614_154.JPEG,school bus,images/school bus/n04146614_154.JPEG,True
n04146614_155.JPEG,school bus,images/school bus/n04146614_155.JPEG,True
n04146614_156.JPEG,school bus,images/school bus/n04146614_156.JPEG,True
n04146614_159.JPEG,school bus,images/school bus/n04146614_159.JPEG,True
n04146614_160.JPEG,school bus,images/school bus/n04146614_160.JPEG,True
n04146614_162.JPEG,school bus,images/school bus/n04146614_162.JPEG,True
n04146614_163.JPEG,school bus,images/school bus/n04146614_163.JPEG,True
n04146614_164.JPEG,school bus,images/school bus/n04146614_164.JPEG,True
n04146614_165.JPEG,school bus,images/school bus/n04146614_165.JPEG,True
n04146614_166.JPEG,school bus,images/school bus/n04146614_166.JPEG,True
n04146614_167.JPEG,school bus,images/school bus/n04146614_167.JPEG,True
n04146614_17.JPEG,school bus,images/school bus/n04146614_17.JPEG,True
n04146614_170.JPEG,school bus,images/school bus/n04146614_170.JPEG,True
n04146614_173.JPEG,school bus,images/school bus/n04146614_173.JPEG,True
n04146614_174.JPEG,school bus,images/school bus/n04146614_174.JPEG,True
n04146614_176.JPEG,school bus,images/school bus/n04146614_176.JPEG,True
n04146614_177.JPEG,school bus,images/school bus/n04146614_177.JPEG,True
n04146614_178.JPEG,school bus,images/school bus/n04146614_178.JPEG,True
n04146614_179.JPEG,school bus,images/school bus/n04146614_179.JPEG,True
n04146614_18.JPEG,school bus,images/school bus/n04146614_18.JPEG,True
n04146614_180.JPEG,school bus,images/school bus/n04146614_180.JPEG,True
n04146614_182.JPEG,school bus,images/school bus/n04146614_182.JPEG,True
n04146614_184.JPEG,school bus,images/school bus/n04146614_184.JPEG,True
n04146614_185.JPEG,school bus,images/school bus/n04146614_185.JPEG,True
n04146614_186.JPEG,school bus,images/school bus/n04146614_186.JPEG,True
n03983396_0.JPEG,soda bottle,images/soda bottle/n03983396_0.JPEG,True
n03983396_1.JPEG,soda bottle,images/soda bottle/n03983396_1.JPEG,True
n03983396_100.JPEG,soda bottle,images/soda bottle/n03983396_100.JPEG,True
n03983396_101.JPEG,soda bottle,images/soda bottle/n03983396_101.JPEG,True
n03983396_102.JPEG,soda bottle,images/soda bottle/n03983396_102.JPEG,True
n03983396_103.JPEG,soda bottle,images/soda bottle/n03983396_103.JPEG,True
n03983396_104.JPEG,soda bottle,images/soda bottle/n03983396_104.JPEG,True
n03983396_107.JPEG,soda bottle,images/soda bottle/n03983396_107.JPEG,True
n03983396_108.JPEG,soda bottle,images/soda bottle/n03983396_108.JPEG,True
n03983396_110.JPEG,soda bottle,images/soda bottle/n03983396_110.JPEG,True
n03983396_111.JPEG,soda bottle,images/soda bottle/n03983396_111.JPEG,True
n03983396_112.JPEG,soda bottle,images/soda bottle/n03983396_112.JPEG,True
n03983396_113.JPEG,soda bottle,images/soda bottle/n03983396_113.JPEG,True
n03983396_114.JPEG,soda bottle,images/soda bottle/n03983396_114.JPEG,True
n03983396_118.JPEG,soda bottle,images/soda bottle/n03983396_118.JPEG,True
n03983396_120.JPEG,soda bottle,images/soda bottle/n03983396_120.JPEG,True
n03983396_121.JPEG,soda bottle,images/soda bottle/n03983396_121.JPEG,True
n03983396_123.JPEG,soda bottle,images/soda bottle/n03983396_123.JPEG,True
n03983396_124.JPEG,soda bottle,images/soda bottle/n03983396_124.JPEG,True
n03983396_125.JPEG,soda bottle,images/soda bottle/n03983396_125.JPEG,True
n03983396_126.JPEG,soda bottle,images/soda bottle/n03983396_126.JPEG,True
n03983396_127.JPEG,soda bottle,images/soda bottle/n03983396_127.JPEG,True
n03983396_128.JPEG,soda bottle,images/soda bottle/n03983396_128.JPEG,True
n03983396_129.JPEG,soda bottle,images/soda bottle/n03983396_129.JPEG,True
n03983396_13.JPEG,soda bottle,images/soda bottle/n03983396_13.JPEG,True
n03983396_130.JPEG,soda bottle,images/soda bottle/n03983396_130.JPEG,True
n03983396_131.JPEG,soda bottle,images/soda bottle/n03983396_131.JPEG,True
n03983396_132.JPEG,soda bottle,images/soda bottle/n03983396_132.JPEG,True
n03983396_133.JPEG,soda bottle,images/soda bottle/n03983396_133.JPEG,True
n03983396_135.JPEG,soda bottle,images/soda bottle/n03983396_135.JPEG,True
n03983396_136.JPEG,soda bottle,images/soda bottle/n03983396_136.JPEG,True
n03983396_137.JPEG,soda bottle,images/soda bottle/n03983396_137.JPEG,True
n03983396_138.JPEG,soda bottle,images/soda bottle/n03983396_138.JPEG,True
n03983396_14.JPEG,soda bottle,images/soda bottle/n03983396_14.JPEG,True
n03983396_141.JPEG,soda bottle,images/soda bottle/n03983396_141.JPEG,True
n03983396_143.JPEG,soda bottle,images/soda bottle/n03983396_143.JPEG,True
n03983396_145.JPEG,soda bottle,images/soda bottle/n03983396_145.JPEG,True
n03983396_147.JPEG,soda bottle,images/soda bottle/n03983396_147.JPEG,True
n03983396_149.JPEG,soda bottle,images/soda bottle/n03983396_149.JPEG,True
n03983396_150.JPEG,soda bottle,images/soda bottle/n03983396_150.JPEG,True
n03983396_151.JPEG,soda bottle,images/soda bottle/n03983396_151.JPEG,True
n03983396_152.JPEG,soda bottle,images/soda bottle/n03983396_152.JPEG,True
n03983396_153.JPEG,soda bottle,images/soda bottle/n03983396_153.JPEG,True
n03983396_154.JPEG,soda bottle,images/soda bottle/n03983396_154.JPEG,True
n03983396_155.JPEG,soda bottle,images/soda bottle/n03983396_155.JPEG,True
n03983396_156.JPEG,soda bottle,images/soda bottle/n03983396_156.JPEG,True
n03983396_157.JPEG,soda bottle,images/soda bottle/n03983396_157.JPEG,True
n03983396_158.JPEG,soda bottle,images/soda bottle/n03983396_158.JPEG,True
n03983396_160.JPEG,soda bottle,images/soda bottle/n03983396_160.JPEG,True
n03983396_161.JPEG,soda bottle,images/soda bottle/n03983396_161.JPEG,True
n03983396_162.JPEG,soda bottle,images/soda bottle/n03983396_162.JPEG,True
n03983396_163.JPEG,soda bottle,images/soda bottle/n03983396_163.JPEG,True
n03983396_165.JPEG,soda bottle,images/soda bottle/n03983396_165.JPEG,True
n03983396_166.JPEG,soda bottle,images/soda bottle/n03983396_166.JPEG,True
n03983396_169.JPEG,soda bottle,images/soda bottle/n03983396_169.JPEG,True
n03983396_17.JPEG,soda bottle,images/soda bottle/n03983396_17.JPEG,True
n03983396_171.JPEG,soda bottle,images/soda bottle/n03983396_171.JPEG,True
n03983396_174.JPEG,soda bottle,images/soda bottle/n03983396_174.JPEG,True
n03983396_175.JPEG,soda bottle,images/soda bottle/n03983396_175.JPEG,True
n03983396_177.JPEG,soda bottle,images/soda bottle/n03983396_177.JPEG,True
n03983396_179.JPEG,soda bottle,images/soda bottle/n03983396_179.JPEG,True
n03983396_18.JPEG,soda bottle,images/soda bottle/n03983396_18.JPEG,True
n03983396_180.JPEG,soda bottle,images/soda bottle/n03983396_180.JPEG,True
n03983396_182.JPEG,soda bottle,images/soda bottle/n03983396_182.JPEG,True
n03983396_183.JPEG,soda bottle,images/soda bottle/n03983396_183.JPEG,True
n03983396_184.JPEG,soda bottle,images/soda bottle/n03983396_184.JPEG,True
n03983396_185.JPEG,soda bottle,images/soda bottle/n03983396_185.JPEG,True
n03983396_186.JPEG,soda bottle,images/soda bottle/n03983396_186.JPEG,True
n03983396_187.JPEG,soda bottle,images/soda bottle/n03983396_187.JPEG,True
n03983396_188.JPEG,soda bottle,images/soda bottle/n03983396_188.JPEG,True
n04285008_100.JPEG,sports car,images/sports car/n04285008_100.JPEG,True
n04285008_101.JPEG,sports car,images/sports car/n04285008_101.JPEG,True
n04285008_103.JPEG,sports car,images/sports car/n04285008_103.JPEG,True
n04285008_104.JPEG,sports car,images/sports car/n04285008_104.JPEG,True
n04285008_105.JPEG,sports car,images/sports car/n04285008_105.JPEG,True
n04285008_106.JPEG,sports car,images/sports car/n04285008_106.JPEG,True
n04285008_107.JPEG,sports car,images/sports car/n04285008_107.JPEG,True
n04285008_108.JPEG,sports car,images/sports car/n04285008_108.JPEG,True
n04285008_109.JPEG,sports car,images/sports car/n04285008_109.JPEG,True
n04285008_11.JPEG,sports car,images/sports car/n04285008_11.JPEG,True
n04285008_110.JPEG,sports car,images/sports car/n04285008_110.JPEG,True
n04285008_111.JPEG,sports car,images/sports car/n04285008_111.JPEG,True
n04285008_112.JPEG,sports car,images/sports car/n04285008_112.JPEG,True
n04285008_114.JPEG,sports car,images/sports car/n04285008_114.JPEG,True
n04285008_115.JPEG,sports car,images/sports car/n04285008_115.JPEG,True
n04285008_116.JPEG,sports car,images/sports car/n04285008_116.JPEG,True
n04285008_117.JPEG,sports car,images/sports car/n04285008_117.JPEG,True
n04285008_12.JPEG,sports car,images/sports car/n04285008_12.JPEG,True
n04285008_120.JPEG,sports car,images/sports car/n04285008_120.JPEG,True
n04285008_122.JPEG,sports car,images/sports car/n04285008_122.JPEG,True
n04285008_125.JPEG,sports car,images/sports car/n04285008_125.JPEG,True
n04285008_127.JPEG,sports car,images/sports car/n04285008_127.JPEG,True
n04285008_128.JPEG,sports car,images/sports car/n04285008_128.JPEG,True
n04285008_129.JPEG,sports car,images/sports car/n04285008_129.JPEG,True
n04285008_13.JPEG,sports car,images/sports car/n04285008_13.JPEG,True
n04285008_130.JPEG,sports car,images/sports car/n04285008_130.JPEG,True
n04285008_131.JPEG,sports car,images/sports car/n04285008_131.JPEG,True
n04285008_133.JPEG,sports car,images/sports car/n04285008_133.JPEG,True
n04285008_134.JPEG,sports car,images/sports car/n04285008_134.JPEG,True
n04285008_136.JPEG,sports car,images/sports car/n04285008_136.JPEG,True
n04285008_137.JPEG,sports car,images/sports car/n04285008_137.JPEG,True
n04285008_139.JPEG,sports car,images/sports car/n04285008_139.JPEG,True
n04285008_14.JPEG,sports car,images/sports car/n04285008_14.JPEG,True
n04285008_140.JPEG,sports car,images/sports car/n04285008_140.JPEG,True
n04285008_143.JPEG,sports car,images/sports car/n04285008_143.JPEG,True
n04285008_144.JPEG,sports car,images/sports car/n04285008_144.JPEG,True
n04285008_147.JPEG,sports car,images/sports car/n04285008_147.JPEG,True
n04285008_149.JPEG,sports car,images/sports car/n04285008_149.JPEG,True
n04285008_15.JPEG,sports car,images/sports car/n04285008_15.JPEG,True
n04285008_152.JPEG,sports car,images/sports car/n04285008_152.JPEG,True
n04285008_153.JPEG,sports car,images/sports car/n04285008_153.JPEG,True
n04285008_154.JPEG,sports car,images/sports car/n04285008_154.JPEG,True
n04285008_155.JPEG,sports car,images/sports car/n04285008_155.JPEG,True
n04285008_157.JPEG,sports car,images/sports car/n04285008_157.JPEG,True
n04285008_158.JPEG,sports car,images/sports car/n04285008_158.JPEG,True
n04285008_159.JPEG,sports car,images/sports car/n04285008_159.JPEG,True
n04285008_161.JPEG,sports car,images/sports car/n04285008_161.JPEG,True
n04285008_162.JPEG,sports car,images/sports car/n04285008_162.JPEG,True
n04285008_163.JPEG,sports car,images/sports car/n04285008_163.JPEG,True
n04285008_164.JPEG,sports car,images/sports car/n04285008_164.JPEG,True
n04285008_167.JPEG,sports car,images/sports car/n04285008_167.JPEG,True
n04285008_168.JPEG,sports car,images/sports car/n04285008_168.JPEG,True
n04285008_169.JPEG,sports car,images/sports car/n04285008_169.JPEG,True
n04285008_17.JPEG,sports car,images/sports car/n04285008_17.JPEG,True
n04285008_171.JPEG,sports car,images/sports car/n04285008_171.JPEG,True
n04285008_172.JPEG,sports car,images/sports car/n04285008_172.JPEG,True
n04285008_173.JPEG,sports car,images/sports car/n04285008_173.JPEG,True
n04285008_174.JPEG,sports car,images/sports car/n04285008_174.JPEG,True
n04285008_176.JPEG,sports car,images/sports car/n04285008_176.JPEG,True
n04285008_177.JPEG,sports car,images/sports car/n04285008_177.JPEG,True
n04285008_178.JPEG,sports car,images/sports car/n04285008_178.JPEG,True
n04285008_179.JPEG,sports car,images/sports car/n04285008_179.JPEG,True
n04285008_18.JPEG,sports car,images/sports car/n04285008_18.JPEG,True
n04285008_180.JPEG,sports car,images/sports car/n04285008_180.JPEG,True
n04285008_181.JPEG,sports car,images/sports car/n04285008_181.JPEG,True
n04285008_183.JPEG,sports car,images/sports car/n04285008_183.JPEG,True
n04285008_184.JPEG,sports car,images/sports car/n04285008_184.JPEG,True
n04285008_186.JPEG,sports car,images/sports car/n04285008_186.JPEG,True
n04285008_187.JPEG,sports car,images/sports car/n04285008_187.JPEG,True
n04285008_188.JPEG,sports car,images/sports car/n04285008_188.JPEG,True
n01774750_0.JPEG,tarantula,images/tarantula/n01774750_0.JPEG,True
n01774750_1.JPEG,tarantula,images/tarantula/n01774750_1.JPEG,True
n01774750_102.JPEG,tarantula,images/tarantula/n01774750_102.JPEG,True
n01774750_103.JPEG,tarantula,images/tarantula/n01774750_103.JPEG,True
n01774750_104.JPEG,tarantula,images/tarantula/n01774750_104.JPEG,True
n01774750_108.JPEG,tarantula,images/tarantula/n01774750_108.JPEG,True
n01774750_109.JPEG,tarantula,images/tarantula/n01774750_109.JPEG,True
n01774750_11.JPEG,tarantula,images/tarantula/n01774750_11.JPEG,True
n01774750_110.JPEG,tarantula,images/tarantula/n01774750_110.JPEG,True
n01774750_112.JPEG,tarantula,images/tarantula/n01774750_112.JPEG,True
n01774750_113.JPEG,tarantula,images/tarantula/n01774750_113.JPEG,True
n01774750_115.JPEG,tarantula,images/tarantula/n01774750_115.JPEG,True
n01774750_116.JPEG,tarantula,images/tarantula/n01774750_116.JPEG,True
n01774750_117.JPEG,tarantula,images/tarantula/n01774750_117.JPEG,True
n01774750_12.JPEG,tarantula,images/tarantula/n01774750_12.JPEG,True
n01774750_120.JPEG,tarantula,images/tarantula/n01774750_120.JPEG,True
n01774750_121.JPEG,tarantula,images/tarantula/n01774750_121.JPEG,True
n01774750_123.JPEG,tarantula,images/tarantula/n01774750_123.JPEG,True
n01774750_124.JPEG,tarantula,images/tarantula/n01774750_124.JPEG,True
n01774750_125.JPEG,tarantula,images/tarantula/n01774750_125.JPEG,True
n01774750_129.JPEG,tarantula,images/tarantula/n01774750_129.JPEG,True
n01774750_13.JPEG,tarantula,images/tarantula/n01774750_13.JPEG,True
n01774750_130.JPEG,tarantula,images/tarantula/n01774750_130.JPEG,True
n01774750_132.JPEG,tarantula,images/tarantula/n01774750_132.JPEG,True
n01774750_134.JPEG,tarantula,images/tarantula/n01774750_134.JPEG,True
n01774750_136.JPEG,tarantula,images/tarantula/n01774750_136.JPEG,True
n01774750_137.JPEG,tarantula,images/tarantula/n01774750_137.JPEG,True
n01774750_138.JPEG,tarantula,images/tarantula/n01774750_138.JPEG,True
n01774750_139.JPEG,tarantula,images/tarantula/n01774750_139.JPEG,True
n01774750_14.JPEG,tarantula,images/tarantula/n01774750_14.JPEG,True
n01774750_140.JPEG,tarantula,images/tarantula/n01774750_140.JPEG,True
n01774750_143.JPEG,tarantula,images/tarantula/n01774750_143.JPEG,True
n01774750_144.JPEG,tarantula,images/tarantula/n01774750_144.JPEG,True
n01774750_145.JPEG,tarantula,images/tarantula/n01774750_145.JPEG,True
n01774750_146.JPEG,tarantula,images/tarantula/n01774750_146.JPEG,True
n01774750_147.JPEG,tarantula,images/tarantula/n01774750_147.JPEG,True
n01774750_15.JPEG,tarantula,images/tarantula/n01774750_15.JPEG,True
n01774750_153.JPEG,tarantula,images/tarantula/n01774750_153.JPEG,True
n01774750_154.JPEG,tarantula,images/tarantula/n01774750_154.JPEG,True
n01774750_155.JPEG,tarantula,images/tarantula/n01774750_155.JPEG,True
n01774750_156.JPEG,tarantula,images/tarantula/n01774750_156.JPEG,True
n01774750_157.JPEG,tarantula,images/tarantula/n01774750_157.JPEG,True
n01774750_16.JPEG,tarantula,images/tarantula/n01774750_16.JPEG,True
n01774750_160.JPEG,tarantula,images/tarantula/n01774750_160.JPEG,True
n01774750_161.JPEG,tarantula,images/tarantula/n01774750_161.JPEG,True
n01774750_162.JPEG,tarantula,images/tarantula/n01774750_162.JPEG,True
n01774750_163.JPEG,tarantula,images/tarantula/n01774750_163.JPEG,True
n01774750_164.JPEG,tarantula,images/tarantula/n01774750_164.JPEG,True
n01774750_165.JPEG,tarantula,images/tarantula/n01774750_165.JPEG,True
n01774750_166.JPEG,tarantula,images/tarantula/n01774750_166.JPEG,True
n01774750_167.JPEG,tarantula,images/tarantula/n01774750_167.JPEG,True
n01774750_168.JPEG,tarantula,images/tarantula/n01774750_168.JPEG,True
n01774750_17.JPEG,tarantula,images/tarantula/n01774750_17.JPEG,True
n01774750_171.JPEG,tarantula,images/tarantula/n01774750_171.JPEG,True
n01774750_172.JPEG,tarantula,images/tarantula/n01774750_172.JPEG,True
n01774750_174.JPEG,tarantula,images/tarantula/n01774750_174.JPEG,True
n01774750_175.JPEG,tarantula,images/tarantula/n01774750_175.JPEG,True
n01774750_176.JPEG,tarantula,images/tarantula/n01774750_176.JPEG,True
n01774750_177.JPEG,tarantula,images/tarantula/n01774750_177.JPEG,True
n01774750_178.JPEG,tarantula,images/tarantula/n01774750_178.JPEG,True
n01774750_18.JPEG,tarantula,images/tarantula/n01774750_18.JPEG,True
n01774750_180.JPEG,tarantula,images/tarantula/n01774750_180.JPEG,True
n01774750_181.JPEG,tarantula,images/tarantula/n01774750_181.JPEG,True
n01774750_182.JPEG,tarantula,images/tarantula/n01774750_182.JPEG,True
n01774750_183.JPEG,tarantula,images/tarantula/n01774750_183.JPEG,True
n01774750_184.JPEG,tarantula,images/tarantula/n01774750_184.JPEG,True
n01774750_185.JPEG,tarantula,images/tarantula/n01774750_185.JPEG,True
n01774750_186.JPEG,tarantula,images/tarantula/n01774750_186.JPEG,True
n01774750_187.JPEG,tarantula,images/tarantula/n01774750_187.JPEG,True
n01774750_188.JPEG,tarantula,images/tarantula/n01774750_188.JPEG,True
